{"assets/fonts/Roboto-Bold.ttf":["assets/fonts/Roboto-Bold.ttf"],"assets/fonts/Roboto-Medium.ttf":["assets/fonts/Roboto-Medium.ttf"],"assets/fonts/Roboto-Regular.ttf":["assets/fonts/Roboto-Regular.ttf"],"assets/fonts/WorkSans-Bold.ttf":["assets/fonts/WorkSans-Bold.ttf"],"assets/fonts/WorkSans-Medium.ttf":["assets/fonts/WorkSans-Medium.ttf"],"assets/fonts/WorkSans-Regular.ttf":["assets/fonts/WorkSans-Regular.ttf"],"assets/fonts/WorkSans-SemiBold.ttf":["assets/fonts/WorkSans-SemiBold.ttf"],"assets/icons/left.png":["assets/icons/left.png"],"assets/icons/left_selected.png":["assets/icons/left_selected.png"],"assets/icons/middle.png":["assets/icons/middle.png"],"assets/icons/middle_selected.png":["assets/icons/middle_selected.png"],"assets/icons/right.png":["assets/icons/right.png"],"assets/icons/right_selected.png":["assets/icons/right_selected.png"],"assets/icons/sign_language_icon.png":["assets/icons/sign_language_icon.png"],"assets/icons/turkish_flag.png":["assets/icons/turkish_flag.png"],"assets/images/default.png":["assets/images/default.png"],"assets/images/feedbackImage.png":["assets/images/feedbackImage.png"],"assets/images/helpImage.png":["assets/images/helpImage.png"],"assets/images/inviteImage.png":["assets/images/inviteImage.png"],"assets/images/seensound_icon.png":["assets/images/seensound_icon.png"],"assets/images/social_media.png":["assets/images/social_media.png"],"assets/images/supportIcon.png":["assets/images/supportIcon.png"],"assets/introduction_animation/earise_logo.png":["assets/introduction_animation/earise_logo.png"],"assets/introduction_animation/earise_logo_arkaplanlı.png":["assets/introduction_animation/earise_logo_arkaplanlı.png"],"assets/introduction_animation/gelecek_hedefleri.png":["assets/introduction_animation/gelecek_hedefleri.png"],"assets/introduction_animation/gelisim.png":["assets/introduction_animation/gelisim.png"],"assets/introduction_animation/hedeflerimiz.png":["assets/introduction_animation/hedeflerimiz.png"],"assets/introduction_animation/seensound_icon.png":["assets/introduction_animation/seensound_icon.png"],"assets/introduction_animation/seensound_logo.png":["assets/introduction_animation/seensound_logo.png"],"packages/cupertino_icons/assets/CupertinoIcons.ttf":["packages/cupertino_icons/assets/CupertinoIcons.ttf"],"packages/font_awesome_flutter/lib/fonts/fa-brands-400.ttf":["packages/font_awesome_flutter/lib/fonts/fa-brands-400.ttf"],"packages/font_awesome_flutter/lib/fonts/fa-regular-400.ttf":["packages/font_awesome_flutter/lib/fonts/fa-regular-400.ttf"],"packages/font_awesome_flutter/lib/fonts/fa-solid-900.ttf":["packages/font_awesome_flutter/lib/fonts/fa-solid-900.ttf"]}